"","user","membership"
"1",97323,1
"2",170509,2
"3",161566,1
"4",75689,1
"5",20111,1
"6",71582,1
"7",173494,1
"8",103103,1
"9",60827,1
"10",159793,2
"11",96105,2
"12",5536,2
"13",50471,1
"14",132625,2
"15",164787,1
"16",1194,1
"17",124721,1
"18",106726,1
"19",134306,1
"20",38128,1
"21",154237,2
"22",9124,2
"23",124548,1
"24",121847,1
"25",26707,2
"26",32720,1
"27",69720,1
"28",93970,1
"29",32906,1
"30",75766,2
"31",31873,1
"32",167791,1
"33",109966,1
"34",384,2
"35",159873,2
"36",35883,2
"37",170967,1
"38",56081,1
"39",157109,1
"40",42450,2
"41",10322,1
"42",77704,1
"43",155109,1
"44",60274,1
"45",131261,2
"46",467,1
"47",155585,1
"48",88236,1
"49",171438,1
"50",79975,1
"51",6808,1
"52",53787,1
"53",170646,2
"54",150781,1
"55",153938,1
"56",20396,2
"57",142228,1
"58",112721,1
"59",161965,1
"60",22527,1
"61",4346,1
"62",72544,1
"63",123852,1
"64",71867,1
"65",119196,1
"66",78989,1
"67",101447,2
"68",50892,1
"69",111130,1
"70",97892,2
"71",62323,1
"72",173938,1
"73",81991,1
"74",175253,1
"75",63643,1
"76",74859,1
"77",4813,2
"78",49060,1
"79",173616,1
"80",69343,1
"81",132066,2
"82",28558,1
"83",105870,1
"84",25239,2
"85",150036,1
"86",229,1
"87",81563,1
"88",148806,1
"89",103605,1
"90",74677,1
"91",57866,1
"92",73021,1
"93",59285,1
"94",137913,1
"95",51175,2
"96",44497,2
"97",13358,1
"98",32438,1
"99",115969,1
"100",46756,1
"101",27435,1
"102",107756,1
"103",124003,1
"104",36898,1
"105",28426,2
"106",164704,1
"107",9399,1
"108",312,2
"109",120195,1
"110",59709,1
"111",143212,1
"112",82810,1
"113",45571,2
"114",142169,1
"115",51874,1
"116",129921,1
"117",130867,1
"118",166239,1
"119",3918,1
"120",121867,1
"121",11397,1
"122",53079,1
"123",89973,1
"124",165774,1
"125",36775,1
"126",78500,1
"127",111350,1
"128",30732,1
"129",125157,1
"130",69862,2
"131",173661,1
"132",10129,2
"133",41971,1
"134",57130,1
"135",32300,1
"136",22372,1
"137",5409,1
"138",93682,1
"139",130523,1
"140",34646,1
"141",159037,1
"142",109012,1
"143",109988,1
"144",13969,1
"145",95205,1
"146",16271,1
"147",37272,1
"148",15276,1
"149",14652,1
"150",136402,1
"151",116985,1
"152",97439,1
"153",48937,1
"154",111857,1
"155",1887,1
"156",32018,1
"157",138688,2
"158",53983,1
"159",61431,1
"160",102864,1
"161",154551,1
"162",97573,1
"163",8685,1
"164",170071,1
"165",2616,1
"166",41322,1
"167",86319,1
"168",34245,1
"169",104724,1
"170",81577,1
"171",92924,1
"172",105531,1
"173",51627,1
"174",2401,1
"175",34835,1
"176",31538,1
"177",93322,1
"178",20319,1
"179",58794,1
"180",136724,1
"181",87621,1
"182",33462,1
"183",46722,1
"184",76820,1
"185",25548,2
"186",74424,2
"187",29673,2
"188",168182,1
"189",44955,1
"190",157269,1
"191",43316,1
"192",97025,1
"193",25824,1
"194",44399,1
"195",43598,1
"196",90645,1
"197",95650,1
"198",54381,1
"199",31668,1
"200",34309,1
"201",8150,1
"202",25890,1
"203",119928,2
"204",117201,1
"205",13088,1
"206",144217,1
"207",31027,1
"208",59979,1
"209",109969,2
"210",2101,1
"211",156963,2
"212",77873,1
"213",150289,2
"214",62221,1
"215",171070,1
"216",133612,1
"217",8136,2
"218",89954,1
"219",35298,1
"220",77059,1
"221",81604,1
"222",142805,1
"223",96341,2
"224",152414,1
"225",140144,1
"226",71846,1
"227",16217,1
"228",90850,1
"229",20248,1
"230",154219,1
"231",169941,1
"232",57156,1
"233",92520,1
"234",17270,1
"235",73455,1
"236",167613,1
"237",121257,1
"238",166017,1
"239",65244,2
"240",101224,1
"241",9574,1
"242",25215,1
"243",81555,1
"244",110929,1
"245",46475,1
"246",63778,1
"247",83512,1
"248",109809,1
"249",131290,1
"250",37263,1
"251",3209,1
"252",123268,1
"253",46620,1
"254",43041,2
"255",21089,1
"256",111990,1
"257",21120,1
"258",164796,1
"259",123003,1
"260",39931,2
"261",103865,1
"262",124540,1
"263",96001,1
"264",152808,1
"265",130553,2
"266",155947,2
"267",89871,1
"268",128684,1
"269",110633,1
"270",14875,1
"271",107717,1
"272",153104,1
"273",144130,1
"274",114874,1
"275",116841,1
"276",65769,1
"277",140915,1
"278",124438,2
"279",17004,1
"280",147905,1
"281",169032,1
"282",164374,1
"283",3059,1
"284",102576,1
"285",62696,1
"286",86878,1
"287",161671,1
"288",148893,1
"289",36287,1
"290",150180,1
"291",143866,1
"292",41640,1
"293",153896,2
"294",159129,2
"295",169814,1
"296",98679,1
"297",126984,1
"298",130239,1
"299",78400,1
"300",36386,1
"301",56035,1
"302",139398,1
"303",161505,1
"304",173240,1
"305",71714,1
"306",54831,2
"307",144947,1
"308",169198,1
"309",152234,1
"310",15368,2
"311",28840,2
"312",105356,1
"313",173490,1
"314",103679,1
"315",108779,1
"316",125720,1
"317",1524,1
"318",18929,1
"319",168811,2
"320",155942,1
"321",87062,2
"322",58523,1
"323",40374,1
"324",48641,1
"325",114447,1
"326",113204,1
"327",18161,1
"328",161841,1
"329",107023,1
"330",104885,1
"331",128732,2
"332",146779,1
"333",42376,2
"334",76737,1
"335",159898,1
"336",14613,1
"337",6236,1
"338",77495,1
"339",98275,1
"340",78459,1
"341",44361,1
"342",149007,1
"343",55301,1
"344",167678,1
"345",132052,1
"346",42880,1
"347",107474,1
"348",103974,2
"349",72643,2
"350",175734,1
"351",17814,1
"352",10786,1
"353",43966,1
"354",40363,1
"355",118842,1
"356",106219,1
"357",57246,1
"358",106933,2
"359",165988,1
"360",152513,2
"361",89833,1
"362",154960,1
"363",86083,1
"364",168132,1
"365",118700,2
"366",173036,2
"367",70559,2
"368",146227,1
"369",129957,1
"370",149834,1
"371",114864,1
"372",44325,2
"373",112771,1
"374",34967,2
"375",82953,1
"376",168814,1
"377",89432,1
"378",158936,1
"379",4936,1
"380",93289,2
"381",76074,1
"382",48035,2
"383",3898,1
"384",98957,1
"385",28534,1
"386",130455,1
"387",9531,1
"388",37757,1
"389",23500,1
"390",175843,1
"391",63074,1
"392",81715,1
"393",111684,1
"394",82106,1
"395",76429,1
"396",47405,2
"397",162553,1
"398",119603,1
"399",129652,1
"400",87903,1
"401",137754,1
"402",155985,1
"403",89021,1
"404",19515,1
"405",134586,1
"406",57732,1
"407",140316,2
"408",107948,1
"409",48325,1
"410",175591,1
"411",135840,1
"412",64542,1
"413",134761,2
"414",103464,1
"415",105823,1
"416",86839,2
"417",113029,1
"418",22361,2
"419",11222,1
"420",28419,1
"421",61266,1
"422",46450,1
"423",73223,1
"424",162081,1
"425",134669,1
"426",135519,1
"427",133383,1
"428",21528,1
"429",129010,1
"430",102058,2
"431",158308,1
"432",40772,1
"433",108023,1
"434",28377,2
"435",62948,1
"436",58670,1
"437",33096,1
"438",54392,1
"439",30092,2
"440",35584,1
"441",59256,1
"442",10368,1
"443",160978,1
"444",144200,1
"445",66052,1
"446",133669,1
"447",29240,1
"448",65404,1
"449",97481,1
"450",124796,2
"451",113133,1
"452",149219,1
"453",34299,1
"454",14756,2
"455",59061,2
"456",123412,1
"457",111006,1
"458",156343,1
"459",112080,1
"460",16963,1
"461",83606,1
"462",34725,1
"463",18006,1
"464",43394,1
"465",16002,1
"466",157238,1
"467",69193,1
"468",162407,1
"469",156071,2
"470",164770,1
"471",171551,1
"472",161792,1
"473",84488,2
"474",129392,1
"475",62164,1
"476",40535,1
"477",28413,2
"478",26741,1
"479",141298,1
"480",35366,1
"481",161008,1
"482",168209,1
"483",156872,1
"484",37700,1
"485",51187,1
"486",166704,1
"487",114828,1
"488",151669,1
"489",162620,1
"490",108711,1
"491",132842,1
"492",104639,1
"493",121999,1
"494",170520,1
"495",156755,1
"496",104832,1
"497",59768,1
"498",156504,1
"499",44576,1
"500",77785,1
"501",99115,1
"502",94181,1
"503",159693,1
"504",133690,1
"505",82596,1
"506",146768,1
"507",103012,1
"508",138226,1
"509",74118,1
"510",84357,1
"511",31657,1
"512",129442,1
"513",72391,1
"514",112944,1
"515",26400,1
"516",143116,1
"517",67917,1
"518",39856,1
"519",37109,1
"520",11483,1
"521",128560,1
"522",45830,1
"523",81536,1
"524",143926,1
"525",74443,1
"526",91444,1
"527",56315,1
"528",142016,1
"529",108373,1
"530",155977,1
"531",128370,1
"532",2819,1
"533",70686,1
"534",165758,1
"535",85434,1
"536",45415,1
"537",23239,1
"538",164867,1
"539",78605,1
"540",121542,2
"541",76626,1
"542",50584,1
"543",9082,1
"544",45208,2
"545",59498,1
"546",2091,1
"547",14798,1
"548",401,1
"549",42037,1
"550",93947,1
"551",50228,1
"552",12560,1
"553",129257,1
"554",21243,1
"555",76683,2
"556",90220,2
"557",67086,1
"558",41885,2
"559",115346,2
"560",48589,1
"561",79557,1
"562",104631,2
"563",149869,2
"564",131895,1
"565",142814,1
"566",174530,2
"567",56050,1
"568",89352,1
"569",146879,1
"570",156395,1
"571",28771,2
"572",28417,1
"573",122268,1
"574",136741,1
"575",12737,1
"576",38723,2
"577",36498,1
"578",53658,1
"579",160390,1
"580",3443,2
"581",142347,2
"582",134393,1
"583",96858,1
"584",67104,2
"585",69678,2
"586",1976,1
"587",91794,1
"588",104526,1
"589",123662,2
"590",125207,1
"591",141586,1
"592",46217,1
"593",131442,1
"594",84483,1
"595",12153,1
"596",177020,1
"597",21730,1
"598",137422,1
"599",117176,1
"600",168399,1
"601",167455,1
"602",78979,1
"603",56016,1
"604",70328,1
"605",21948,1
"606",41679,1
"607",23656,1
"608",33320,2
"609",176015,1
"610",143743,1
"611",61072,1
"612",95090,1
"613",166778,1
"614",113001,1
"615",75543,2
"616",7764,1
"617",153628,1
"618",86857,1
"619",147634,1
"620",43033,1
"621",157472,1
"622",73108,1
"623",163817,1
"624",155924,1
"625",67891,1
"626",23536,2
"627",141684,1
"628",109056,2
"629",122600,1
"630",108219,1
"631",141051,1
"632",25377,1
"633",96280,1
"634",82445,1
"635",120206,2
"636",125594,1
"637",141107,2
"638",128624,1
"639",158547,1
"640",97338,1
"641",36506,1
"642",33012,1
"643",135559,1
"644",17446,1
"645",154177,1
"646",29669,1
"647",97331,1
"648",159331,1
"649",3808,1
"650",168702,1
"651",18573,1
"652",166535,1
"653",8857,1
"654",170043,1
"655",64799,1
"656",76105,2
"657",157260,1
"658",19140,1
"659",34607,1
"660",127438,2
"661",81743,1
"662",90162,1
"663",168975,1
"664",11120,1
"665",58730,1
"666",103646,1
"667",8495,1
"668",113317,1
"669",16518,1
"670",102004,1
"671",124269,1
"672",133790,1
"673",59682,1
"674",168359,1
"675",154744,1
"676",73172,1
"677",148226,1
"678",84635,1
"679",150624,1
"680",87786,1
"681",34236,1
"682",106353,1
"683",126854,1
"684",54031,2
"685",128991,1
"686",99884,1
"687",101968,1
"688",159411,1
"689",78781,1
"690",23788,1
"691",81323,2
"692",36489,1
"693",111433,1
"694",16646,1
"695",4531,1
"696",125638,1
"697",38127,1
"698",18963,1
"699",70529,1
"700",104786,1
"701",114840,1
"702",162715,1
"703",173131,1
"704",18548,1
"705",170110,1
"706",140529,1
"707",155307,2
"708",37830,1
"709",3713,1
"710",96998,1
"711",9009,1
"712",71289,1
"713",170622,1
"714",62530,1
"715",160552,1
"716",44039,1
"717",150146,1
"718",73006,1
"719",48029,1
"720",17854,2
"721",105172,1
"722",16771,1
"723",171698,1
"724",71926,1
"725",81487,1
"726",120328,1
"727",3039,1
"728",2020,2
"729",64289,1
"730",70419,1
"731",5392,1
"732",119767,1
"733",131221,1
"734",42588,1
"735",8598,1
"736",135343,2
"737",165975,1
"738",161220,1
"739",150803,1
"740",78660,1
"741",167743,1
"742",146328,1
"743",43024,1
"744",40128,1
"745",156923,2
"746",34360,1
"747",168646,1
"748",3456,1
"749",138286,1
"750",43798,1
"751",122584,1
"752",45038,1
"753",63855,1
"754",140497,1
"755",117884,1
"756",169383,1
"757",173245,2
"758",154709,2
"759",156769,1
"760",45824,1
"761",89415,2
"762",132584,1
"763",28237,1
"764",175787,1
"765",1758,1
"766",155101,1
"767",28575,1
"768",154050,1
"769",75542,1
"770",60448,2
"771",86544,2
"772",28707,1
"773",63099,1
"774",126047,1
"775",22553,1
"776",84284,1
"777",108001,1
"778",158696,1
"779",8863,1
"780",82867,2
"781",123146,1
"782",102371,1
"783",62009,1
"784",29945,1
"785",48347,1
"786",95860,1
"787",21413,1
"788",85451,1
"789",2747,1
"790",39360,1
"791",75983,1
"792",130357,1
"793",40099,1
"794",174327,2
"795",34053,1
"796",54499,1
"797",79552,1
"798",18871,1
"799",68375,1
"800",158014,1
"801",47979,1
"802",34988,1
"803",131510,1
"804",58544,2
"805",167817,2
"806",62645,1
"807",56409,2
"808",119383,2
"809",75607,1
"810",131186,1
"811",167024,1
"812",45266,1
"813",36675,1
"814",65506,1
"815",161901,1
"816",139326,2
"817",103840,1
"818",35232,1
"819",56433,2
"820",110909,1
"821",82539,1
"822",117979,1
"823",29829,1
"824",86960,1
"825",120208,1
"826",7473,1
"827",6026,2
"828",161766,1
"829",77632,1
"830",89052,1
"831",2855,2
"832",114560,2
"833",36050,1
"834",26432,1
"835",92190,1
"836",169550,1
"837",32644,1
"838",96111,2
"839",102601,1
"840",19374,2
"841",4899,1
"842",10656,1
"843",151247,1
"844",55830,1
"845",126413,2
"846",145396,1
"847",102022,1
"848",93384,1
"849",108557,1
"850",165705,1
"851",55474,1
"852",38221,1
"853",26128,1
"854",14684,1
"855",114693,1
"856",45697,1
"857",141923,1
"858",174935,1
"859",23689,1
"860",137223,1
"861",158237,1
"862",6545,1
"863",91495,1
"864",139553,1
"865",84851,2
"866",163123,1
"867",165277,1
"868",174788,2
"869",139197,1
"870",111590,1
"871",127318,2
"872",158106,1
"873",128180,2
"874",161972,1
"875",46585,2
"876",101586,1
"877",148086,1
"878",134191,1
"879",75612,2
"880",128462,1
"881",52505,1
"882",159607,1
"883",94443,1
"884",39153,1
"885",148690,1
"886",99521,1
"887",87719,1
"888",163614,1
"889",80314,1
"890",87411,1
"891",147558,1
"892",97512,1
"893",142094,1
"894",103147,1
"895",33082,1
"896",142022,1
"897",89322,1
"898",12476,1
"899",93649,2
"900",167192,1
"901",29463,1
"902",91530,1
"903",75476,1
"904",58916,1
"905",103644,1
"906",134296,1
"907",148283,1
"908",36113,2
"909",111045,1
"910",1361,1
"911",28506,1
"912",86249,1
"913",132580,1
"914",80659,2
"915",52947,2
"916",149493,1
"917",5555,1
"918",107495,1
"919",75698,1
"920",33868,1
"921",8640,1
"922",146097,1
"923",168031,1
"924",147232,1
"925",27326,1
"926",49944,1
"927",142499,1
"928",175771,1
"929",144315,1
"930",6599,1
"931",34552,1
"932",134752,1
"933",176177,1
"934",72536,1
"935",28603,1
"936",64754,1
"937",121042,1
"938",166308,1
"939",27211,2
"940",138422,1
"941",95268,1
"942",78071,2
"943",34390,2
"944",174573,1
"945",135880,1
"946",149580,2
"947",37398,1
"948",74007,1
"949",160046,1
"950",5906,2
"951",53688,1
"952",108397,1
"953",146413,1
"954",49976,1
"955",16340,1
"956",12242,1
"957",56333,1
"958",131059,1
"959",80703,1
"960",56197,2
"961",129126,1
"962",90530,1
"963",36432,2
"964",112716,1
"965",59204,1
"966",133912,2
"967",39456,1
"968",98596,1
"969",135539,1
"970",74505,1
"971",73638,2
"972",31088,1
"973",93938,1
"974",64588,2
"975",157760,1
"976",94428,1
"977",128034,1
"978",17592,1
"979",135538,1
"980",141461,1
"981",22159,2
"982",49657,1
"983",109104,1
"984",155918,1
"985",172405,1
"986",32159,1
"987",168206,1
"988",49926,2
"989",34004,1
"990",60330,1
"991",91361,1
"992",124513,1
"993",41240,1
"994",19101,1
"995",149045,1
"996",45853,1
"997",142435,1
"998",89774,1
"999",97427,1
"1000",149650,1
"1001",23709,1
"1002",97489,1
"1003",31435,1
"1004",59833,1
"1005",7893,1
"1006",113822,2
"1007",151134,1
"1008",11615,1
"1009",50579,1
"1010",161052,1
"1011",21477,1
"1012",151948,1
"1013",122227,1
"1014",88934,1
"1015",154423,1
"1016",5475,1
"1017",49054,1
"1018",43873,1
"1019",76894,1
"1020",116479,1
"1021",54422,1
"1022",79658,1
"1023",6467,1
"1024",108873,1
"1025",87730,1
"1026",25907,1
"1027",157324,1
"1028",12890,1
"1029",3501,2
"1030",160506,1
"1031",165066,1
"1032",143370,1
"1033",174784,1
"1034",73888,1
"1035",71461,1
"1036",81342,1
"1037",142127,1
"1038",18320,1
"1039",44428,1
"1040",4579,1
"1041",149641,1
"1042",86901,1
"1043",102208,1
"1044",141486,1
"1045",60397,1
"1046",59993,1
"1047",10084,1
"1048",113520,1
"1049",43723,1
"1050",139608,1
"1051",173397,2
"1052",144136,1
"1053",52219,2
"1054",149019,1
"1055",13711,1
"1056",19740,1
"1057",39991,1
"1058",143193,1
"1059",23302,2
"1060",94348,1
"1061",167354,1
"1062",66181,1
"1063",170137,2
"1064",20893,1
"1065",157396,1
"1066",150991,1
"1067",53955,1
"1068",130714,1
"1069",125748,1
"1070",143795,1
"1071",52854,1
"1072",109560,1
"1073",138024,1
"1074",104182,1
"1075",70493,1
"1076",10165,1
"1077",44231,1
"1078",170376,1
"1079",64346,1
"1080",91317,1
"1081",8755,1
"1082",17516,1
"1083",19158,1
"1084",119340,1
"1085",75584,1
"1086",52445,1
"1087",43107,1
"1088",20447,2
"1089",147101,1
"1090",112839,2
"1091",168919,2
"1092",149355,1
"1093",35032,2
"1094",166394,1
"1095",126623,2
"1096",58437,1
"1097",17724,1
"1098",45148,1
"1099",94629,1
"1100",93518,1
"1101",42888,1
"1102",162753,1
"1103",127795,1
"1104",68051,1
"1105",105714,1
"1106",71734,2
"1107",125790,1
"1108",169052,1
"1109",84948,1
"1110",1697,1
"1111",132517,1
"1112",78746,1
"1113",168116,1
"1114",145839,1
"1115",145594,1
"1116",69476,1
"1117",137719,2
"1118",30997,1
"1119",59622,1
"1120",14309,1
"1121",50301,1
"1122",34521,1
"1123",83216,1
"1124",66980,1
"1125",1803,1
"1126",75580,1
"1127",29725,1
"1128",66936,1
"1129",103735,1
"1130",139064,1
"1131",98775,1
"1132",56164,1
"1133",157454,1
"1134",98629,1
"1135",82256,1
"1136",8096,1
"1137",22040,1
"1138",165746,1
"1139",87751,1
"1140",110207,1
"1141",169017,1
"1142",163566,1
"1143",90987,1
"1144",149069,1
"1145",42457,1
"1146",72977,2
"1147",60471,2
"1148",38518,2
"1149",131635,1
"1150",93696,1
"1151",42578,1
"1152",113872,2
"1153",153906,2
"1154",103301,1
"1155",90652,2
"1156",139599,1
"1157",16626,2
"1158",145441,1
"1159",110499,1
"1160",33760,1
"1161",170533,2
"1162",116070,1
"1163",44128,2
"1164",82411,1
"1165",65448,1
"1166",129706,1
"1167",163832,1
"1168",52272,1
"1169",105352,1
"1170",52179,1
"1171",43579,1
"1172",153559,1
"1173",137282,1
"1174",78029,2
"1175",70516,1
"1176",101565,1
"1177",80343,2
"1178",101090,1
"1179",139585,1
"1180",3172,1
"1181",9792,1
"1182",122173,1
"1183",27178,1
"1184",1521,1
"1185",149560,2
"1186",38217,1
"1187",39085,1
"1188",88811,2
"1189",67628,2
"1190",145442,2
"1191",7197,1
"1192",2619,1
"1193",158763,2
"1194",85265,1
"1195",164442,1
"1196",114484,1
"1197",23559,1
"1198",97699,1
"1199",135496,1
"1200",121561,1
"1201",146883,1
"1202",37640,1
"1203",54187,1
"1204",175870,1
"1205",49038,1
"1206",92124,1
"1207",24974,1
"1208",175364,1
"1209",299,1
"1210",141826,1
"1211",59443,1
"1212",36901,1
"1213",1179,1
"1214",33080,1
"1215",21107,2
"1216",120830,1
"1217",108649,1
"1218",119658,1
"1219",81429,1
"1220",98841,1
"1221",103838,1
"1222",114491,1
"1223",91906,1
"1224",172398,1
"1225",101145,1
"1226",50035,1
"1227",174090,1
"1228",25720,1
"1229",53800,1
"1230",150980,1
"1231",36123,1
"1232",79701,1
"1233",48228,1
"1234",7496,1
"1235",53794,1
"1236",115609,1
"1237",4337,1
"1238",155371,1
"1239",135922,2
"1240",36270,1
"1241",24000,1
"1242",58644,1
"1243",147726,2
"1244",124053,1
"1245",95448,1
"1246",137236,1
"1247",91051,1
"1248",100806,1
"1249",50334,1
"1250",155804,1
"1251",163646,1
"1252",136068,1
"1253",126206,2
"1254",161830,1
"1255",62876,2
"1256",90210,1
"1257",170168,2
"1258",81600,1
"1259",79005,1
"1260",62881,1
"1261",26344,1
"1262",141158,1
"1263",176860,1
"1264",111389,1
"1265",163114,1
"1266",35740,1
"1267",46050,2
"1268",22313,1
"1269",30305,2
"1270",26041,2
"1271",78037,2
"1272",115295,1
"1273",66890,1
"1274",124535,1
"1275",23930,1
"1276",38033,1
"1277",58107,1
"1278",20849,1
"1279",50114,1
"1280",88409,1
"1281",103312,1
"1282",74472,1
"1283",30966,1
"1284",114348,1
"1285",175829,1
"1286",107666,1
"1287",52442,2
"1288",106318,2
"1289",32103,1
"1290",138713,1
"1291",131617,2
"1292",938,1
"1293",32310,1
"1294",132263,1
"1295",101250,1
"1296",6383,1
"1297",69460,1
"1298",129018,1
"1299",65943,1
"1300",30262,2
"1301",68105,1
"1302",176820,1
"1303",108406,1
"1304",116845,1
"1305",16005,2
"1306",52317,1
"1307",25629,1
"1308",138294,1
"1309",53140,1
"1310",54787,2
"1311",113807,1
"1312",163328,1
"1313",53808,2
"1314",165742,1
"1315",176445,1
"1316",106101,1
"1317",157176,1
"1318",13746,1
"1319",79041,1
"1320",103232,1
"1321",89039,1
"1322",87672,1
"1323",104140,1
"1324",174783,1
"1325",6331,1
"1326",77909,1
"1327",27880,1
"1328",77433,1
"1329",164106,1
"1330",150764,1
"1331",66579,2
"1332",34312,1
"1333",27089,1
"1334",29806,1
"1335",114826,1
"1336",161360,1
"1337",70897,1
"1338",19978,1
"1339",81742,1
"1340",84143,2
"1341",171748,1
"1342",137647,1
"1343",77163,1
"1344",25102,1
"1345",165143,1
"1346",51972,1
"1347",65675,1
"1348",36091,1
"1349",149110,1
"1350",37199,1
"1351",78901,1
"1352",49242,1
"1353",67629,1
"1354",17990,1
"1355",164188,1
"1356",153106,1
"1357",127176,1
"1358",121663,1
"1359",40689,1
"1360",172480,1
"1361",68,1
"1362",27527,1
"1363",71301,1
"1364",90393,1
"1365",151051,1
"1366",150653,1
"1367",67192,1
"1368",51644,1
"1369",109174,1
"1370",20500,1
"1371",100702,1
"1372",31004,1
"1373",65802,1
"1374",167780,1
"1375",132367,1
"1376",40160,1
"1377",19907,1
"1378",120400,1
"1379",115465,2
"1380",169948,1
"1381",106172,1
"1382",141423,1
"1383",80017,1
"1384",112702,1
"1385",134831,1
"1386",99823,1
"1387",89180,1
"1388",15486,1
"1389",6066,1
"1390",47349,1
"1391",112463,1
"1392",156648,1
"1393",27869,1
"1394",100098,2
"1395",151286,2
"1396",85051,1
"1397",11231,1
"1398",159270,1
"1399",6411,2
"1400",82478,1
"1401",63030,1
"1402",143766,2
"1403",100308,2
"1404",127243,1
"1405",86105,1
"1406",136789,1
"1407",86180,1
"1408",91749,1
"1409",163687,1
"1410",140665,1
"1411",134568,1
"1412",48350,1
"1413",14740,2
"1414",108266,1
"1415",106326,1
"1416",11420,1
"1417",121158,1
"1418",155414,1
"1419",66989,2
"1420",164292,1
"1421",137575,1
"1422",87867,1
"1423",175798,1
"1424",41836,1
"1425",32594,1
"1426",33785,1
"1427",88337,2
"1428",158546,2
"1429",18174,1
"1430",96024,1
"1431",102927,1
"1432",90767,1
"1433",108707,2
"1434",10888,1
"1435",111542,2
"1436",50274,1
"1437",141334,1
"1438",73681,1
"1439",93046,1
"1440",123931,1
"1441",149387,1
"1442",13359,2
"1443",29994,1
"1444",142854,2
"1445",49062,1
"1446",29162,1
"1447",56528,2
"1448",16073,1
"1449",105417,1
"1450",102624,1
"1451",1202,1
"1452",43606,1
"1453",177260,1
"1454",116247,2
"1455",163624,1
"1456",13019,1
"1457",159939,1
"1458",76627,2
"1459",57421,1
"1460",32913,1
"1461",44826,2
"1462",92359,1
"1463",107516,1
"1464",174293,2
"1465",87,2
"1466",7499,1
"1467",101361,1
"1468",111538,1
"1469",74159,1
"1470",143943,1
"1471",145517,1
"1472",118306,1
"1473",107019,2
"1474",15567,1
"1475",1982,1
"1476",116502,1
"1477",108402,1
"1478",142246,2
"1479",119060,1
"1480",121336,2
"1481",31250,1
"1482",134184,1
"1483",162648,1
"1484",94586,1
"1485",27411,1
"1486",12149,2
"1487",137049,1
"1488",20842,2
"1489",145148,2
"1490",57197,1
"1491",30500,1
"1492",105803,1
"1493",29491,1
"1494",59835,1
"1495",133109,1
"1496",149255,1
"1497",102932,1
"1498",13427,2
"1499",147075,1
"1500",61860,1
"1501",96823,1
"1502",27916,1
"1503",148113,1
"1504",48145,1
"1505",170744,1
"1506",33289,1
"1507",46448,1
"1508",112859,1
"1509",57756,1
"1510",131618,1
"1511",133441,1
"1512",159260,1
"1513",52526,1
"1514",98668,1
"1515",153999,1
"1516",50637,1
"1517",17951,1
"1518",165601,1
"1519",27846,2
"1520",135134,1
"1521",19953,1
"1522",92150,1
"1523",125819,1
"1524",54082,1
"1525",31100,1
"1526",69323,1
"1527",78919,1
"1528",154547,1
"1529",36511,1
"1530",63068,1
"1531",30170,1
"1532",143282,1
"1533",20539,2
"1534",10925,1
"1535",102922,1
"1536",160913,1
"1537",150306,1
"1538",137092,1
"1539",169006,1
"1540",69992,1
"1541",154013,1
"1542",95097,1
"1543",146652,1
"1544",169219,1
"1545",161263,1
"1546",171140,1
"1547",138805,1
"1548",110203,1
"1549",78598,1
"1550",169161,2
"1551",153180,2
"1552",90395,2
"1553",69555,2
"1554",56327,1
"1555",159358,2
"1556",128789,2
"1557",51501,1
"1558",108497,2
"1559",25752,1
"1560",66814,1
"1561",105971,1
"1562",90323,2
"1563",7739,1
"1564",84503,2
"1565",53593,1
"1566",25099,1
"1567",155006,1
"1568",10632,2
"1569",47702,1
"1570",25114,2
"1571",8991,1
"1572",11358,1
"1573",122688,1
"1574",70847,1
"1575",161912,2
"1576",9524,1
"1577",97953,1
"1578",125900,1
"1579",90687,1
"1580",123733,1
"1581",172315,2
"1582",143329,2
"1583",93308,1
"1584",15965,1
"1585",23578,1
"1586",90732,1
"1587",1349,1
"1588",17175,1
"1589",95811,1
"1590",18593,1
"1591",49429,1
"1592",137596,1
"1593",149723,1
"1594",142341,1
"1595",159950,1
"1596",67014,1
"1597",99135,1
"1598",163288,1
"1599",1519,1
"1600",76548,1
"1601",33124,1
"1602",48214,2
"1603",161489,2
"1604",88679,2
"1605",173453,1
"1606",58304,1
"1607",163973,1
"1608",171690,1
"1609",105727,1
"1610",74827,1
"1611",86637,1
"1612",143076,1
"1613",139742,1
"1614",51461,1
"1615",97141,1
"1616",109411,1
"1617",157020,1
"1618",16386,1
"1619",170436,1
"1620",103207,1
"1621",40792,1
"1622",36119,1
"1623",100038,1
"1624",82123,1
"1625",145010,1
"1626",45013,2
"1627",72135,1
"1628",88876,1
"1629",17453,1
"1630",107737,1
"1631",84512,2
"1632",2277,1
"1633",64416,1
"1634",122185,1
"1635",64697,2
"1636",21092,1
"1637",59015,1
"1638",116031,1
"1639",11086,1
"1640",35269,1
"1641",158327,1
"1642",153129,1
"1643",42847,1
"1644",14481,1
"1645",56985,1
"1646",140320,1
"1647",129436,1
"1648",63091,1
"1649",13344,1
"1650",147290,1
"1651",55347,1
"1652",90268,1
"1653",65520,1
"1654",51679,2
"1655",148669,1
"1656",74996,1
"1657",34306,1
"1658",54037,1
"1659",70680,1
"1660",71727,1
"1661",39114,1
"1662",42227,1
"1663",49569,1
"1664",24464,1
"1665",53379,1
"1666",19308,1
"1667",164598,1
"1668",115770,1
"1669",53961,1
"1670",21959,1
"1671",65231,1
"1672",160986,1
"1673",35976,1
"1674",40437,1
"1675",159164,1
"1676",75070,1
"1677",98976,1
"1678",116587,1
"1679",6746,1
"1680",63631,2
"1681",94044,1
"1682",154955,1
"1683",66659,1
"1684",128095,1
"1685",155087,1
"1686",75629,1
"1687",102679,1
"1688",39860,1
"1689",153709,1
"1690",107539,1
"1691",121170,2
"1692",175673,1
"1693",86144,1
"1694",23326,1
"1695",17554,1
"1696",142443,1
"1697",43056,1
"1698",34040,1
"1699",104586,1
"1700",50058,1
"1701",175522,1
"1702",18584,1
"1703",76545,1
"1704",37430,1
"1705",116093,2
"1706",55751,1
"1707",85899,1
"1708",46649,1
"1709",29088,1
"1710",169283,1
"1711",117033,1
"1712",53706,2
"1713",148386,2
"1714",64195,2
"1715",15997,1
"1716",126808,1
"1717",54724,1
"1718",176529,1
"1719",81408,1
"1720",65164,1
"1721",28576,1
"1722",160895,1
"1723",39703,2
"1724",174776,1
"1725",121860,1
"1726",119085,1
"1727",53935,1
"1728",99104,1
"1729",147745,1
"1730",93976,1
"1731",138099,1
"1732",90072,1
"1733",90683,1
"1734",48573,1
"1735",31392,1
"1736",174075,1
"1737",156305,1
"1738",71427,1
"1739",176731,1
"1740",87409,1
"1741",84598,1
"1742",145113,1
"1743",63245,1
"1744",1494,1
"1745",14818,1
"1746",128396,1
"1747",165460,1
"1748",139140,1
"1749",103833,1
"1750",122843,1
"1751",58085,1
"1752",4726,1
"1753",176415,1
"1754",135979,1
"1755",160281,1
"1756",57800,1
"1757",160540,1
"1758",78802,1
"1759",73957,1
"1760",86157,1
"1761",96018,1
"1762",144387,1
"1763",15175,1
"1764",126737,1
"1765",145405,1
"1766",141623,2
"1767",147754,1
"1768",100103,1
"1769",133234,1
"1770",22365,1
"1771",38451,1
"1772",37500,1
"1773",51999,1
"1774",174411,1
"1775",125118,1
"1776",11750,1
"1777",142028,1
"1778",150785,1
"1779",113427,1
"1780",116712,1
"1781",112100,1
"1782",119065,1
"1783",67294,1
"1784",170990,1
"1785",39567,1
"1786",45651,1
"1787",80994,1
"1788",111171,1
"1789",113650,1
"1790",153761,1
"1791",100137,1
"1792",151159,1
"1793",129434,1
"1794",40480,1
"1795",43899,1
"1796",73218,1
"1797",45477,1
"1798",36144,1
"1799",18868,1
"1800",33677,1
"1801",29324,1
"1802",20576,1
"1803",87918,1
"1804",28379,2
"1805",141449,2
"1806",69932,1
"1807",32769,1
"1808",125372,1
"1809",102423,1
"1810",61470,1
"1811",10058,1
"1812",113076,1
"1813",73064,2
"1814",77656,1
"1815",137538,1
"1816",42552,1
"1817",54085,1
"1818",21866,1
"1819",43700,1
"1820",140444,2
"1821",169663,1
"1822",6191,2
"1823",163065,1
"1824",2479,1
"1825",160437,1
"1826",14530,1
"1827",136220,1
"1828",43492,1
"1829",106408,1
"1830",169335,2
"1831",67503,2
"1832",158455,1
"1833",124845,1
"1834",129107,1
"1835",41174,1
"1836",7954,1
"1837",37451,1
"1838",174478,1
"1839",71150,1
"1840",7463,1
"1841",27260,1
"1842",92630,1
"1843",100200,1
"1844",61524,1
"1845",77731,1
"1846",46890,1
"1847",57216,1
"1848",32672,1
"1849",16017,1
"1850",79082,1
"1851",176729,1
"1852",96802,1
"1853",129116,1
"1854",136388,1
"1855",121054,1
"1856",22971,1
"1857",96694,1
"1858",73319,1
"1859",47991,1
"1860",166038,1
"1861",111071,1
"1862",34419,1
"1863",107662,1
"1864",128765,1
"1865",84309,1
"1866",115597,1
"1867",27488,1
"1868",139173,1
"1869",175982,1
"1870",30830,1
"1871",145224,2
"1872",14501,1
"1873",168945,1
"1874",95328,1
"1875",14450,1
"1876",133937,1
"1877",22204,1
"1878",149288,2
"1879",172115,1
"1880",75167,1
"1881",15179,1
"1882",111455,1
"1883",99816,1
"1884",75138,1
"1885",166898,1
"1886",97530,1
"1887",143341,1
"1888",117758,1
"1889",95799,1
"1890",68483,1
"1891",4699,1
"1892",62465,1
"1893",62160,1
"1894",133525,2
"1895",154902,1
"1896",127688,2
"1897",55979,1
"1898",83772,2
"1899",119357,1
"1900",105737,1
"1901",69473,1
"1902",82151,1
"1903",100870,1
"1904",94262,1
"1905",88894,1
"1906",79566,1
"1907",156851,1
"1908",104642,1
"1909",88199,1
"1910",32822,1
"1911",48843,1
"1912",67749,1
"1913",48306,1
"1914",78738,1
"1915",40525,2
"1916",174805,1
"1917",171735,1
"1918",17824,1
"1919",45706,1
"1920",29712,1
"1921",6049,1
"1922",1474,1
"1923",80540,1
"1924",26037,1
"1925",153740,1
"1926",272,1
"1927",95663,1
"1928",167240,2
"1929",151275,2
"1930",160015,1
"1931",118341,1
"1932",59749,1
"1933",69773,1
"1934",16367,1
"1935",113738,1
"1936",109434,1
"1937",11926,1
"1938",131359,1
"1939",126304,1
"1940",84993,1
"1941",96518,1
"1942",41751,1
"1943",165842,1
"1944",34673,1
"1945",130145,1
"1946",13321,1
"1947",82922,1
"1948",117863,1
"1949",170845,1
"1950",169411,1
"1951",143815,1
"1952",106377,1
"1953",130452,1
"1954",125242,1
"1955",102753,1
"1956",166807,1
"1957",44482,1
"1958",171705,1
"1959",4221,1
"1960",130327,1
"1961",37239,2
"1962",68492,1
"1963",161493,1
"1964",97434,2
"1965",112858,1
"1966",71601,1
"1967",147269,1
"1968",19530,2
"1969",123682,2
"1970",48151,1
"1971",9303,1
"1972",67153,2
"1973",175256,1
"1974",106293,1
"1975",88373,1
"1976",77929,1
"1977",89401,1
"1978",76102,1
"1979",172670,2
"1980",74315,1
"1981",22284,1
"1982",113774,2
"1983",34954,1
"1984",112403,1
"1985",125013,1
"1986",129077,1
"1987",59223,1
"1988",151959,1
"1989",97591,1
"1990",143232,1
"1991",54227,1
"1992",164097,1
"1993",151860,1
"1994",84358,1
"1995",75495,1
"1996",156064,1
"1997",26209,1
"1998",51723,1
"1999",64171,1
"2000",125702,1
"2001",140744,1
"2002",62175,1
"2003",102888,1
"2004",102630,1
"2005",157747,1
"2006",154387,1
"2007",109834,1
"2008",11860,1
"2009",56087,1
"2010",9551,1
"2011",87243,1
"2012",30006,1
"2013",131106,1
"2014",156398,1
"2015",55610,1
"2016",176939,1
"2017",28621,2
"2018",77461,1
"2019",11736,1
"2020",104197,1
"2021",28304,1
"2022",38158,1
"2023",38724,1
"2024",149390,1
"2025",57149,1
"2026",161552,1
"2027",84181,1
"2028",172961,2
"2029",1436,1
"2030",33309,1
"2031",113577,1
"2032",152389,1
"2033",155609,1
"2034",153609,1
"2035",143412,1
"2036",37516,1
"2037",166199,1
"2038",68157,1
"2039",118970,1
"2040",101230,1
"2041",161004,1
"2042",166556,1
"2043",50231,1
"2044",174680,1
"2045",76621,1
"2046",52651,1
"2047",108556,2
"2048",106732,1
"2049",13640,1
"2050",74774,1
"2051",7910,1
"2052",25526,1
"2053",35965,1
"2054",145612,2
"2055",68052,1
"2056",7159,1
"2057",108446,1
"2058",57002,1
"2059",112291,1
"2060",4943,2
"2061",62383,1
"2062",141660,1
"2063",131648,1
"2064",130413,1
"2065",101393,1
"2066",148442,1
"2067",49201,1
"2068",140400,1
"2069",119738,1
"2070",154096,1
"2071",85974,1
"2072",17530,1
"2073",96658,1
"2074",58700,1
"2075",83437,1
"2076",155747,1
"2077",87558,1
"2078",14040,1
"2079",164758,2
"2080",162527,1
"2081",77194,1
"2082",117424,1
"2083",25755,1
"2084",105598,1
"2085",137051,1
"2086",171492,1
"2087",59247,1
"2088",103527,1
"2089",111922,1
"2090",135588,2
"2091",14669,1
"2092",150291,1
"2093",119163,1
"2094",93281,1
"2095",51140,1
"2096",76179,2
"2097",7127,1
"2098",167170,2
"2099",63213,1
"2100",151861,1
"2101",90619,1
"2102",145247,1
"2103",26569,1
"2104",55467,1
"2105",149643,1
"2106",139705,1
"2107",2835,2
"2108",88951,1
"2109",24432,2
"2110",141498,1
"2111",54716,1
"2112",129551,2
"2113",134455,2
"2114",6005,1
"2115",774,1
"2116",23398,1
"2117",72124,2
"2118",31452,1
"2119",74134,1
"2120",53762,2
"2121",107374,1
"2122",120520,1
"2123",60374,1
"2124",82159,1
"2125",167797,1
"2126",93644,1
"2127",91929,1
"2128",146795,1
"2129",116497,1
"2130",66447,1
"2131",43922,1
"2132",47770,1
"2133",15060,1
"2134",12065,1
"2135",150819,1
"2136",119937,1
"2137",26446,1
"2138",45000,1
"2139",105782,1
"2140",155582,1
"2141",152419,1
"2142",90485,1
"2143",109873,2
"2144",71315,2
"2145",7552,2
"2146",123885,1
"2147",168723,1
"2148",9693,1
"2149",100122,1
"2150",9827,1
"2151",119520,2
"2152",31715,1
"2153",106016,1
"2154",160886,1
"2155",34588,2
"2156",164486,2
"2157",18968,1
"2158",61162,2
"2159",44155,1
"2160",158435,2
"2161",154105,2
"2162",83293,2
"2163",137464,1
"2164",139536,1
"2165",93972,1
"2166",49,1
"2167",119905,1
"2168",92881,1
"2169",77719,1
"2170",26071,1
"2171",83375,1
"2172",61021,1
"2173",33848,1
"2174",146483,1
"2175",139586,1
"2176",101788,1
"2177",167163,1
"2178",27558,1
"2179",101598,1
"2180",22168,1
"2181",151090,1
"2182",71948,1
"2183",51492,1
"2184",129234,1
"2185",55204,2
"2186",124511,1
"2187",28082,1
"2188",71752,2
"2189",62789,1
"2190",40651,1
"2191",87933,1
"2192",120281,1
"2193",56116,1
"2194",36632,1
"2195",32582,1
"2196",70148,1
"2197",25586,1
"2198",79828,1
"2199",151929,1
"2200",137979,2
"2201",126903,1
"2202",147262,1
"2203",36114,1
"2204",107060,2
"2205",40519,1
"2206",41528,1
"2207",63295,1
"2208",49505,1
"2209",137030,1
"2210",48613,1
"2211",162024,1
"2212",84433,1
"2213",133838,1
"2214",150365,1
"2215",71189,1
"2216",160798,1
"2217",170476,1
"2218",44185,1
"2219",116577,1
"2220",1691,1
"2221",42390,1
"2222",117439,1
"2223",46396,1
"2224",117060,1
"2225",37399,2
"2226",437,1
"2227",43581,1
"2228",12858,1
"2229",35840,1
"2230",169642,1
"2231",61398,1
"2232",7953,1
"2233",12475,2
"2234",27606,1
"2235",160114,1
"2236",91426,1
"2237",145475,1
"2238",85126,1
"2239",5452,1
"2240",75451,1
"2241",43963,1
"2242",132135,1
"2243",142462,1
"2244",174427,1
"2245",18705,1
"2246",106862,1
"2247",120887,1
"2248",42174,1
"2249",3631,1
"2250",5965,1
"2251",90564,1
"2252",109596,2
"2253",176770,1
"2254",90035,1
"2255",170816,2
"2256",83490,1
"2257",694,1
"2258",84853,1
"2259",163626,1
"2260",25176,1
"2261",113873,1
"2262",163542,1
"2263",147073,2
"2264",46182,1
"2265",16639,1
"2266",148564,1
"2267",52020,1
"2268",17036,1
"2269",75040,1
"2270",176266,1
"2271",6981,1
"2272",168974,1
"2273",92906,1
"2274",133248,1
"2275",176217,2
"2276",139221,1
"2277",87092,1
"2278",39959,1
"2279",32337,1
"2280",64438,1
"2281",39494,1
"2282",123535,1
"2283",25168,1
"2284",126762,1
"2285",3946,1
"2286",83172,1
"2287",78595,1
"2288",135480,1
"2289",132454,1
"2290",127805,1
"2291",157279,1
"2292",91378,1
"2293",26978,1
"2294",1168,1
"2295",22386,2
"2296",26202,2
"2297",14731,2
"2298",29902,1
"2299",68137,2
"2300",30991,2
"2301",81160,1
"2302",127496,1
"2303",11877,1
"2304",70281,1
"2305",52102,2
"2306",116500,1
"2307",97209,1
"2308",132811,1
"2309",93891,2
"2310",91042,1
"2311",87681,1
"2312",141119,1
"2313",118296,1
"2314",70764,1
"2315",40554,2
"2316",117185,1
"2317",84424,1
"2318",34459,1
"2319",119070,1
"2320",148380,1
"2321",87973,1
"2322",50339,1
"2323",39892,1
"2324",27511,1
"2325",34288,1
"2326",71353,2
"2327",169410,1
"2328",133145,2
"2329",153103,1
"2330",3853,1
"2331",123033,1
"2332",15092,1
"2333",135188,1
"2334",69490,1
"2335",104270,1
"2336",173439,1
"2337",114279,1
"2338",77836,1
"2339",48405,1
"2340",23493,1
"2341",41769,1
"2342",2702,1
"2343",154610,1
"2344",105008,1
"2345",162036,1
"2346",157035,1
"2347",90302,1
"2348",104129,1
"2349",174621,1
"2350",155744,1
"2351",110987,1
"2352",20739,1
"2353",2810,1
"2354",78423,1
"2355",141299,1
"2356",96238,1
"2357",171256,1
"2358",116379,1
"2359",36399,1
"2360",3537,1
"2361",145693,1
"2362",153607,1
"2363",160057,1
"2364",57317,1
"2365",160494,1
"2366",45301,1
"2367",85595,1
"2368",91957,1
"2369",69632,1
"2370",85236,1
"2371",32042,1
"2372",78859,1
"2373",38212,2
"2374",14601,2
"2375",10417,2
"2376",71888,2
"2377",154248,1
"2378",54660,2
"2379",123851,1
"2380",54116,1
"2381",3279,1
"2382",34592,1
"2383",36076,1
"2384",48544,1
"2385",31716,1
"2386",39007,2
"2387",157029,2
"2388",94364,1
"2389",163960,1
"2390",34225,2
"2391",87312,1
"2392",109211,2
"2393",117149,1
"2394",174900,1
"2395",5070,1
"2396",129267,1
"2397",155564,1
"2398",76180,2
"2399",99621,1
"2400",151385,1
"2401",97736,1
"2402",50048,1
"2403",152111,2
"2404",31614,1
"2405",50981,1
"2406",134298,1
"2407",65682,1
"2408",29724,1
"2409",8483,1
"2410",45701,1
"2411",51951,1
"2412",168657,2
"2413",124758,2
"2414",163845,1
"2415",91765,1
"2416",39792,2
"2417",149826,2
"2418",123731,1
"2419",66765,1
"2420",169859,2
"2421",149141,1
"2422",111737,1
"2423",85244,1
"2424",172988,2
"2425",173693,1
"2426",142752,1
"2427",137616,1
"2428",17244,1
"2429",134660,1
"2430",131285,1
"2431",53588,1
"2432",65465,1
"2433",41574,1
"2434",153035,1
"2435",47173,1
"2436",51524,1
"2437",12296,1
"2438",150051,1
"2439",22665,1
"2440",32810,1
"2441",4261,2
"2442",501,1
"2443",131267,1
"2444",148612,1
"2445",23738,1
"2446",133332,1
"2447",21838,1
"2448",134510,1
"2449",120049,1
"2450",73149,1
"2451",19420,1
"2452",34598,1
"2453",61701,1
"2454",140135,1
"2455",155562,1
"2456",27115,1
"2457",49466,2
"2458",155348,1
"2459",114359,1
"2460",168528,2
"2461",11551,2
"2462",16671,1
"2463",25403,1
"2464",8780,1
"2465",173588,2
"2466",135033,1
"2467",130646,1
"2468",33050,1
"2469",155193,2
"2470",22740,1
"2471",35524,1
"2472",170970,1
"2473",91742,2
"2474",3257,1
"2475",136478,1
"2476",171045,1
"2477",64529,1
"2478",100029,1
"2479",134630,1
"2480",106580,1
"2481",173553,1
"2482",170023,1
"2483",106298,1
"2484",11958,1
"2485",109416,1
"2486",152233,1
"2487",72066,1
"2488",42674,1
"2489",36436,1
"2490",116169,1
"2491",3387,1
"2492",41193,1
"2493",25108,1
"2494",159103,1
"2495",18113,1
"2496",33749,1
"2497",15261,1
"2498",31834,2
"2499",36857,1
"2500",13714,1
"2501",11612,1
"2502",150235,2
"2503",161547,1
"2504",116204,1
"2505",88231,2
"2506",136694,1
"2507",162977,1
"2508",150742,1
"2509",114062,1
"2510",80921,2
"2511",85746,1
"2512",166514,1
"2513",41768,1
"2514",89889,1
"2515",167048,1
"2516",116039,1
"2517",51328,1
"2518",108832,2
"2519",103171,1
"2520",122191,2
"2521",97000,1
"2522",33081,1
"2523",67488,1
"2524",104606,1
"2525",140391,1
"2526",24625,1
"2527",57315,1
"2528",147826,1
"2529",71142,1
"2530",29303,2
"2531",112123,1
"2532",105387,1
"2533",65108,1
"2534",137522,2
"2535",114134,1
"2536",45954,1
"2537",38848,1
"2538",120949,1
"2539",21774,1
"2540",34260,1
"2541",26822,1
"2542",142778,1
"2543",23761,1
"2544",164827,1
"2545",149420,1
"2546",45915,1
"2547",69279,1
"2548",77118,2
"2549",112958,1
"2550",166445,1
"2551",137193,1
"2552",36243,1
"2553",32174,1
"2554",108863,2
"2555",130271,1
"2556",26170,1
"2557",168743,1
"2558",96957,1
"2559",144021,1
"2560",6553,1
"2561",138920,1
"2562",145427,1
"2563",136825,1
"2564",12474,1
"2565",148837,1
"2566",106952,1
"2567",43761,1
"2568",52077,1
"2569",49494,1
"2570",65025,1
"2571",23382,1
"2572",32086,1
"2573",171911,1
"2574",42515,1
"2575",21579,1
"2576",32911,1
"2577",25499,1
"2578",31923,1
"2579",16229,1
"2580",92506,1
"2581",157488,1
"2582",21139,1
"2583",173633,2
"2584",116913,1
"2585",137942,1
"2586",15589,1
"2587",117324,1
"2588",64377,1
"2589",16732,1
"2590",110025,1
"2591",176376,1
"2592",46868,1
"2593",82194,1
"2594",168920,1
"2595",659,1
"2596",7570,1
"2597",32268,1
"2598",51892,1
"2599",125216,1
"2600",160205,2
"2601",133606,2
"2602",113370,1
"2603",5389,1
"2604",89520,1
"2605",127249,2
"2606",40213,1
"2607",62592,1
"2608",391,1
"2609",107927,2
"2610",117664,1
"2611",134647,1
"2612",151544,1
"2613",50025,1
"2614",33305,1
"2615",43750,1
"2616",60428,1
"2617",68917,1
"2618",153700,1
"2619",121450,1
"2620",102551,1
"2621",114087,1
"2622",86485,1
"2623",150508,1
"2624",176106,1
"2625",150757,2
"2626",93240,1
"2627",131070,1
"2628",95431,1
"2629",172258,1
"2630",152385,1
"2631",119145,2
"2632",100142,1
"2633",104897,1
"2634",57581,1
"2635",76295,1
"2636",136723,1
"2637",124907,1
"2638",117861,1
"2639",125737,1
"2640",26290,2
"2641",62232,1
"2642",99553,1
"2643",126273,1
"2644",108909,1
"2645",119798,1
"2646",122613,1
"2647",69453,1
"2648",10728,1
"2649",66210,1
"2650",101695,1
"2651",132138,1
"2652",51209,2
"2653",70119,1
"2654",5478,1
"2655",58751,2
"2656",122635,1
"2657",166249,1
"2658",56757,1
"2659",152368,1
"2660",23441,1
"2661",28258,1
"2662",56584,1
"2663",101774,1
"2664",179,1
"2665",17862,1
"2666",99753,1
"2667",39363,1
"2668",43694,1
"2669",35270,1
"2670",96338,1
"2671",42502,2
"2672",116946,1
"2673",12369,1
"2674",118334,1
"2675",81680,1
"2676",72382,1
"2677",95857,1
"2678",84584,1
"2679",94088,1
"2680",151309,1
"2681",140369,1
"2682",115547,1
"2683",112398,1
"2684",157519,1
"2685",116425,1
"2686",22199,1
"2687",123062,1
"2688",128679,1
"2689",36812,1
"2690",12676,1
"2691",114034,1
"2692",151771,1
"2693",152706,2
"2694",3020,1
"2695",50276,1
"2696",21596,1
"2697",41149,1
"2698",65917,1
"2699",12377,1
"2700",132833,2
"2701",61879,2
"2702",38775,1
"2703",122563,1
"2704",30186,2
"2705",78969,1
"2706",21069,1
"2707",167359,1
"2708",103520,1
"2709",86200,1
"2710",50739,1
"2711",134217,1
"2712",6767,1
"2713",112214,1
"2714",91841,2
"2715",173469,1
"2716",64873,1
"2717",29488,2
"2718",114162,1
"2719",163287,1
"2720",133556,1
"2721",50952,1
"2722",95014,2
"2723",111816,1
"2724",56165,1
"2725",81917,1
"2726",22388,1
"2727",34386,1
"2728",125583,1
"2729",129621,1
"2730",153762,1
"2731",64723,1
"2732",77347,1
"2733",43965,1
"2734",18891,1
"2735",26798,1
"2736",24718,1
"2737",170731,1
"2738",118403,1
"2739",114575,1
"2740",78273,1
"2741",44950,1
"2742",33707,1
"2743",58195,1
"2744",2125,1
"2745",161250,1
"2746",150692,1
"2747",52584,1
"2748",174974,1
"2749",176170,1
"2750",93911,1
"2751",5765,1
"2752",4058,2
"2753",152470,1
"2754",122197,1
"2755",153302,1
"2756",65592,1
"2757",7937,1
"2758",104193,1
"2759",132215,1
"2760",99309,1
"2761",107125,1
"2762",44024,1
"2763",56068,1
"2764",48737,2
"2765",136729,2
"2766",124393,1
"2767",27208,1
"2768",9687,2
"2769",39212,1
"2770",2016,1
"2771",170771,1
"2772",48812,1
"2773",123914,1
"2774",50140,1
"2775",62056,1
"2776",21313,1
"2777",168736,1
"2778",159481,1
"2779",80724,2
"2780",75636,1
"2781",35902,1
"2782",49026,2
"2783",38083,2
"2784",160771,1
"2785",161442,1
"2786",13835,1
"2787",42854,1
"2788",89102,1
"2789",100190,1
"2790",72268,1
"2791",172530,2
"2792",51559,1
"2793",170595,2
"2794",144053,1
"2795",58161,1
"2796",86254,1
"2797",155556,2
"2798",169056,2
"2799",39607,1
"2800",173912,1
"2801",130934,1
"2802",81302,1
"2803",130276,1
"2804",130256,1
"2805",136935,1
"2806",78567,2
"2807",126638,1
"2808",79200,1
"2809",98695,1
"2810",5232,1
"2811",79454,1
"2812",62544,1
"2813",6035,1
"2814",87004,1
"2815",136484,1
"2816",146580,1
"2817",7500,1
"2818",103893,1
"2819",84985,2
"2820",166815,2
"2821",5978,1
"2822",103092,1
"2823",125329,1
"2824",83017,1
"2825",59360,1
"2826",40702,1
"2827",76004,2
"2828",41027,1
"2829",32584,1
"2830",36369,1
"2831",163271,1
"2832",26986,1
"2833",14840,1
"2834",5493,2
"2835",42595,1
"2836",79449,1
"2837",28890,1
"2838",96683,1
"2839",114294,1
"2840",88693,1
"2841",2583,1
"2842",111859,1
"2843",78208,1
"2844",66929,1
"2845",17009,1
"2846",3311,1
"2847",44573,1
"2848",110975,1
"2849",138251,1
"2850",126844,2
"2851",31426,1
"2852",107297,1
"2853",790,1
"2854",171833,1
"2855",175908,2
"2856",137203,1
"2857",91515,1
"2858",152187,2
"2859",140329,2
"2860",167178,1
"2861",105479,1
"2862",11142,1
"2863",17389,1
"2864",76284,1
"2865",16183,1
"2866",141638,1
"2867",17387,1
"2868",154116,1
"2869",116868,1
"2870",87009,1
"2871",161438,1
"2872",94120,1
"2873",25169,1
"2874",172208,2
"2875",14736,1
"2876",59926,1
"2877",89265,1
"2878",94858,1
"2879",95063,1
"2880",5223,2
"2881",56082,2
"2882",161658,1
"2883",136131,1
"2884",154844,1
"2885",126450,1
"2886",76510,2
"2887",141370,1
"2888",84660,1
"2889",35693,1
"2890",173461,1
"2891",132484,1
"2892",68903,1
"2893",110644,1
"2894",126813,1
"2895",95768,1
"2896",58398,1
"2897",88521,1
"2898",165940,2
"2899",91585,2
"2900",78049,1
"2901",176226,1
"2902",59145,1
"2903",62833,1
"2904",50344,1
"2905",114792,1
"2906",12421,1
"2907",126287,1
"2908",92488,1
"2909",94425,1
"2910",8777,1
"2911",7475,1
"2912",95842,1
"2913",75199,1
"2914",147506,2
"2915",158782,1
"2916",153433,1
"2917",61638,1
"2918",23696,1
"2919",71946,1
"2920",67258,1
"2921",14037,1
"2922",155598,1
"2923",24447,1
"2924",145045,2
"2925",116901,2
"2926",82459,1
"2927",101231,1
"2928",39832,1
"2929",107574,2
"2930",128852,1
"2931",41464,1
"2932",57579,1
"2933",131501,1
"2934",64699,1
"2935",138109,1
"2936",172152,2
"2937",27934,1
"2938",36025,1
"2939",77162,1
"2940",82292,2
"2941",61352,1
"2942",53970,1
"2943",52228,1
"2944",174062,1
"2945",57012,1
"2946",76377,1
"2947",3866,1
"2948",67592,1
"2949",45320,1
"2950",136371,1
"2951",176561,1
"2952",161549,1
"2953",79854,1
"2954",142540,1
"2955",122628,1
"2956",170811,1
"2957",98388,1
"2958",106017,1
"2959",154892,1
"2960",130570,1
"2961",125448,1
"2962",28263,1
"2963",80638,1
"2964",116942,1
"2965",42399,1
"2966",144014,1
"2967",144440,1
"2968",68781,2
"2969",148047,1
"2970",34187,1
"2971",165515,1
"2972",60542,1
"2973",102825,1
"2974",43462,1
"2975",21592,1
"2976",31528,1
"2977",37590,2
"2978",45068,1
"2979",99163,1
"2980",70981,1
"2981",96305,1
"2982",55510,1
"2983",90110,2
"2984",136098,2
"2985",84068,2
"2986",4001,1
"2987",5604,2
"2988",51925,1
"2989",101806,1
"2990",128407,1
"2991",20857,1
"2992",18197,2
"2993",49176,2
"2994",24433,1
"2995",87359,1
"2996",68418,1
"2997",27683,1
"2998",85802,1
"2999",99595,1
"3000",144226,2
"3001",8330,1
"3002",153987,2
"3003",54277,1
"3004",23582,1
"3005",51898,2
"3006",137996,2
"3007",103684,1
"3008",162552,1
"3009",93805,1
"3010",51169,1
"3011",116048,1
"3012",106098,1
"3013",137886,1
"3014",87230,1
"3015",147647,1
"3016",41040,1
"3017",169083,1
"3018",53512,1
"3019",86642,1
"3020",69857,1
"3021",58633,1
"3022",73993,1
"3023",113057,1
"3024",108735,1
"3025",35183,1
"3026",104030,1
"3027",169862,1
"3028",73119,1
"3029",116818,1
"3030",62716,1
"3031",41387,1
"3032",83161,1
"3033",161813,2
"3034",124990,2
"3035",174403,1
"3036",38605,1
"3037",56991,1
"3038",111718,1
"3039",125149,1
"3040",152952,1
"3041",138133,1
"3042",5355,1
"3043",47546,1
"3044",111327,1
"3045",79809,1
"3046",94779,1
"3047",172415,1
"3048",7603,1
"3049",174499,1
"3050",129474,1
"3051",56997,1
"3052",108838,1
"3053",105409,1
"3054",167119,2
"3055",34754,1
"3056",161998,2
"3057",156176,1
"3058",92381,1
"3059",74515,1
"3060",45145,1
"3061",67766,1
"3062",36658,2
"3063",148815,2
"3064",41662,1
"3065",101891,1
"3066",25624,2
"3067",79580,1
"3068",55209,1
"3069",1425,1
"3070",80258,1
"3071",13585,2
"3072",2314,1
"3073",162885,1
"3074",19890,1
"3075",92780,1
"3076",47250,2
"3077",125401,1
"3078",149040,1
"3079",23144,2
"3080",42064,1
"3081",62163,2
"3082",39171,1
"3083",3032,1
"3084",23925,1
"3085",92498,2
"3086",6900,1
"3087",158978,1
"3088",69432,1
"3089",20629,1
"3090",103143,1
"3091",23218,1
"3092",35609,1
"3093",153241,1
"3094",83117,1
"3095",132198,1
"3096",99171,1
"3097",129844,1
"3098",109215,1
"3099",90270,1
"3100",105413,1
"3101",32213,2
"3102",15850,1
"3103",148561,1
"3104",57193,1
"3105",88880,1
"3106",67844,1
"3107",80985,1
"3108",157694,1
"3109",112090,1
"3110",156422,1
"3111",38295,1
"3112",120767,1
"3113",143106,1
"3114",72851,1
"3115",63057,1
"3116",7978,1
"3117",171977,1
"3118",51012,1
"3119",105613,1
"3120",137156,1
"3121",13467,1
"3122",111603,1
"3123",45615,1
"3124",145516,1
"3125",176658,1
"3126",151950,1
"3127",136322,1
"3128",58392,1
"3129",43570,1
"3130",140686,2
"3131",110351,1
"3132",88857,1
"3133",164865,2
"3134",95298,1
"3135",165786,1
"3136",49283,1
"3137",162319,1
"3138",29934,1
"3139",140573,1
"3140",17110,1
"3141",82057,1
"3142",125886,1
"3143",141957,1
"3144",161191,1
"3145",35471,2
"3146",104420,1
"3147",87340,1
"3148",42039,2
"3149",144602,1
"3150",138049,2
"3151",36299,2
"3152",57037,1
"3153",158730,1
"3154",91966,1
"3155",125799,2
"3156",32839,1
"3157",141276,1
"3158",160263,1
"3159",128160,1
"3160",113795,1
"3161",66847,1
"3162",53093,1
"3163",132019,1
"3164",9575,1
"3165",38638,1
"3166",113177,1
"3167",113521,1
"3168",39079,1
"3169",50134,1
"3170",72878,1
"3171",86278,1
"3172",124527,1
"3173",69245,1
"3174",8361,1
"3175",96924,1
"3176",167395,1
"3177",70723,1
"3178",20850,1
"3179",142856,1
"3180",142857,1
"3181",123118,1
"3182",28589,1
"3183",115610,1
"3184",19537,1
"3185",28746,1
"3186",21113,1
"3187",79601,1
"3188",114943,1
"3189",148173,1
"3190",69837,1
"3191",94335,1
"3192",79358,1
"3193",46037,1
"3194",101035,1
"3195",37733,2
"3196",9878,1
"3197",149365,2
"3198",129755,2
"3199",100252,1
"3200",152864,2
"3201",20711,1
"3202",61147,1
"3203",24857,1
"3204",176317,1
"3205",61686,1
"3206",170371,1
"3207",22611,1
"3208",10263,1
"3209",106416,1
"3210",147614,1
"3211",72693,1
"3212",164577,1
"3213",58994,1
"3214",79759,1
"3215",108598,1
"3216",119991,1
"3217",133363,1
"3218",125168,1
"3219",137102,1
"3220",176171,1
"3221",128890,1
"3222",94177,1
"3223",162046,1
"3224",165348,1
"3225",47582,1
"3226",111092,1
"3227",88292,1
"3228",89192,1
"3229",169971,1
"3230",98327,2
"3231",165971,1
"3232",149879,1
"3233",20752,1
"3234",149232,1
"3235",19478,1
"3236",2643,1
"3237",139192,1
"3238",1421,2
"3239",2907,1
"3240",31123,1
"3241",32169,1
"3242",109523,2
"3243",50620,1
"3244",79802,1
"3245",13051,1
"3246",25356,1
"3247",129036,1
"3248",5166,1
"3249",19846,1
"3250",100663,1
"3251",60992,1
"3252",124134,1
"3253",144159,1
"3254",39501,1
"3255",141132,1
"3256",162454,1
"3257",38362,1
"3258",48992,1
"3259",91330,1
"3260",157952,1
"3261",157056,1
"3262",1867,1
"3263",48143,1
"3264",8004,1
"3265",74814,1
"3266",62776,2
"3267",173990,1
"3268",93086,1
"3269",7652,1
"3270",97527,1
"3271",158966,1
"3272",129416,1
"3273",103616,1
"3274",12738,1
"3275",87779,1
"3276",21129,1
"3277",175989,1
"3278",155009,1
"3279",123954,1
"3280",152820,1
"3281",12459,2
"3282",82275,1
"3283",78061,1
"3284",91076,2
"3285",175775,1
"3286",57064,1
"3287",93145,1
"3288",86815,1
"3289",72288,1
"3290",142149,1
"3291",120836,1
"3292",146526,1
"3293",100842,1
"3294",107283,1
"3295",63932,1
"3296",404,1
"3297",67315,1
"3298",133769,1
"3299",154072,1
"3300",47104,1
"3301",112284,2
"3302",147597,2
"3303",48257,1
"3304",91412,1
"3305",1187,2
"3306",90227,1
"3307",135540,2
"3308",89132,1
"3309",167640,1
"3310",171580,1
"3311",12871,1
"3312",160200,1
"3313",112170,1
"3314",109882,1
"3315",14018,1
"3316",127056,1
"3317",121061,1
"3318",141803,1
"3319",121137,1
"3320",50979,1
"3321",161264,1
"3322",26846,1
"3323",101401,1
"3324",154289,2
"3325",159221,1
"3326",70020,2
"3327",86689,1
"3328",132623,1
"3329",174605,1
"3330",83159,1
"3331",152640,1
"3332",138302,1
"3333",108225,1
"3334",20435,2
"3335",73564,1
"3336",65430,1
"3337",132008,1
"3338",74494,1
"3339",20692,1
"3340",115417,2
"3341",170150,1
"3342",158231,1
"3343",9745,1
"3344",52066,1
"3345",116199,1
"3346",121234,1
"3347",127286,1
"3348",169286,1
"3349",114696,1
"3350",21995,1
"3351",172703,1
"3352",175003,1
"3353",162364,2
"3354",94071,1
"3355",117848,1
"3356",146941,1
"3357",3746,1
"3358",159992,1
"3359",121310,1
"3360",30653,1
"3361",18953,1
"3362",32570,1
"3363",157937,1
"3364",156653,1
"3365",148805,1
"3366",156192,1
"3367",14031,1
"3368",48745,2
"3369",156078,1
"3370",38826,1
"3371",134460,1
"3372",63412,1
"3373",68068,1
"3374",106381,1
"3375",54307,1
"3376",133036,1
"3377",164863,1
"3378",32884,1
"3379",138110,1
"3380",23674,2
"3381",42673,1
"3382",75879,1
"3383",86654,1
"3384",67352,1
"3385",50529,2
"3386",110470,1
"3387",82583,1
"3388",148409,1
"3389",107956,1
"3390",4032,1
"3391",76577,2
"3392",682,1
"3393",151724,1
"3394",30524,1
"3395",141073,1
"3396",107421,1
"3397",31311,1
"3398",112806,1
"3399",89962,1
"3400",10369,1
"3401",43227,1
"3402",13478,1
"3403",97547,1
"3404",154630,1
"3405",174860,1
"3406",101004,1
"3407",98867,1
"3408",111364,1
"3409",79008,2
"3410",88469,1
"3411",122960,1
